,acc,loss,val_acc,val_loss
0,0.19133333339293798,1.614702164332072,0.29400000047683716,1.6046738204956055
