,acc,loss,val_acc,val_loss
0,0.21866666666666668,1.6083774461746216,0.29,1.6010291242599488
